SOC [%],DCIR [mOhm]
100,26.52860252
90,28.14591797
80,29.20896097
70,29.97857474
60,30.58002952
50,26.38073669
40,26.35386829
30,26.89119859
20,28.26998718
10,34.58533195
